hour, t(sec), V1, VAngle1, V2, VAngle2, V3, VAngle3, I1, IAngle1, I2, IAngle2, I3, IAngle3
0, 10.00000, 7199.36, -0.00133857, 7199.37, -120.001, 7199.36, 119.999, 334.51, -35.6701, 331.358, -154.042, 341.104, 85.5989
